Name,Link,Image URL
Artichokes,https://www.almanac.com/plant/artichokes,https://www.almanac.com/sites/default/files/styles/square_thumbnail/public/image_nodes/artichoke-close.jpg?itok=vXCsyB9q
Arugula,https://www.almanac.com/plant/arugula,https://www.almanac.com/sites/default/files/styles/square_thumbnail/public/image_nodes/arugula_vaivirga-ss-rsz.jpg?itok=9cztmPNh
Asparagus,https://www.almanac.com/plant/asparagus,https://www.almanac.com/sites/default/files/styles/square_thumbnail/public/image_nodes/shutterstock_1344091313.jpg?itok=0OZDIqXN
Beets,https://www.almanac.com/plant/beets,https://www.almanac.com/sites/default/files/styles/square_thumbnail/public/image_nodes/beets_by_darasp_kran_ss_crop_0.jpg?itok=n4yHCC-J
Bell Peppers,https://www.almanac.com/plant/bell-peppers,https://www.almanac.com/sites/default/files/styles/square_thumbnail/public/image_nodes/bell_peppers_dleonis_gettyimages_0.jpg?itok=953lwrQD
Bok Choy,https://www.almanac.com/plant/bok-choy,https://www.almanac.com/sites/default/files/styles/square_thumbnail/public/image_nodes/shutterstock_688602343.jpg?itok=pUwHLhmO
Broccoli,https://www.almanac.com/plant/broccoli,https://www.almanac.com/sites/default/files/styles/square_thumbnail/public/image_nodes/broccoli-plant.jpg?itok=dG3TSgFf
Brussels Sprouts,https://www.almanac.com/plant/brussels-sprouts,https://www.almanac.com/sites/default/files/styles/square_thumbnail/public/image_nodes/brussels-sprouts.jpg?itok=7441XSMg
Cabbage,https://www.almanac.com/plant/cabbage,https://www.almanac.com/sites/default/files/styles/square_thumbnail/public/image_nodes/cabbage_st-design_gettyimages_0.jpg?itok=iGCWO_6v
Carrots,https://www.almanac.com/plant/carrots,https://www.almanac.com/sites/default/files/styles/square_thumbnail/public/image_nodes/carrots-table_popidar-ss.jpg?itok=Dyfr1guV
Cauliflower,https://www.almanac.com/plant/cauliflower,https://www.almanac.com/sites/default/files/styles/square_thumbnail/public/image_nodes/cauliflower.jpg?itok=qYsOUt8h
Celery,https://www.almanac.com/plant/celery,https://www.almanac.com/sites/default/files/styles/square_thumbnail/public/image_nodes/celery-close-up-shutterstock_110543273.jpg?itok=rPc2rxRk
Collards,https://www.almanac.com/plant/collards,https://www.almanac.com/sites/default/files/styles/square_thumbnail/public/image_nodes/collards-gb0e2e36a5_1920.jpg?itok=p-lZWHWU
Cucumbers,https://www.almanac.com/plant/cucumbers,https://www.almanac.com/sites/default/files/styles/square_thumbnail/public/image_nodes/cucumbers.jpg?itok=VmhZLPi1
Dry Beans,https://www.almanac.com/plant/dry-beans,https://www.almanac.com/sites/default/files/styles/square_thumbnail/public/image_nodes/dried-beans-shutterstock_1899245086.jpg?itok=lT3m0-tg
Edamame,https://www.almanac.com/plant/edamame,https://www.almanac.com/sites/default/files/styles/square_thumbnail/public/image_nodes/soya-83087_1280.jpg?itok=tKzLKrGq
Eggplants,https://www.almanac.com/plant/eggplants,https://www.almanac.com/sites/default/files/styles/square_thumbnail/public/image_nodes/eggplant.jpg?itok=rQcI-vYc
Fava Beans,https://www.almanac.com/plant/fava-beans,https://www.almanac.com/sites/default/files/styles/square_thumbnail/public/image_nodes/fava-beans-shutterstock_1755233036.jpg?itok=pz86ryWi
Fennel,https://www.almanac.com/plant/fennel,https://www.almanac.com/sites/default/files/styles/square_thumbnail/public/image_nodes/fennel-shutterstock_1409080052.jpg?itok=HIAfF4HG
Garlic,https://www.almanac.com/plant/garlic,https://www.almanac.com/sites/default/files/styles/square_thumbnail/public/image_nodes/garlic-growing-guide_0.jpg?itok=uvgrsZkA
Green Beans,https://www.almanac.com/plant/beans,https://www.almanac.com/sites/default/files/styles/square_thumbnail/public/image_nodes/green_beans_brytta_gettyimages.jpg?itok=DvKeAgfC
Scallions,https://www.almanac.com/plant/scallions-green-onions,https://www.almanac.com/sites/default/files/styles/square_thumbnail/public/image_nodes/Untitled%20design%20%288%29_1.jpg?itok=t0yiAJhR
Horseradish,https://www.almanac.com/plant/horseradish,https://www.almanac.com/sites/default/files/styles/square_thumbnail/public/image_nodes/horseradish-root-by-kuttelvaserova-stuchelova-shutterstock_crop.jpg?itok=2owRBEWK
Jalape√±o Peppers,https://www.almanac.com/plant/jalapeno-peppers,https://www.almanac.com/sites/default/files/styles/square_thumbnail/public/image_nodes/jalapeno-peppers-red-crop.jpg?itok=tmwC_u4t
Kale,https://www.almanac.com/plant/kale,https://www.almanac.com/sites/default/files/styles/square_thumbnail/public/image_nodes/kale%20BeachcottagePhotography%20GettyImages.jpg?itok=q4QEbjME
Kohlrabi,https://www.almanac.com/plant/kohlrabi,https://www.almanac.com/sites/default/files/styles/square_thumbnail/public/image_nodes/kohlrabi-close.jpg?itok=5uArwghA
Leeks,https://www.almanac.com/plant/leeks,https://www.almanac.com/sites/default/files/styles/square_thumbnail/public/image_nodes/leeks-Stefan_Sutka-SS.jpeg?itok=S2T1Js7P
Lettuce,https://www.almanac.com/plant/lettuce,https://www.almanac.com/sites/default/files/styles/square_thumbnail/public/image_nodes/lettuce-GettyImages.jpg?itok=fugUkM1-
Loofahs,https://www.almanac.com/plant/loofah-plant,https://www.almanac.com/sites/default/files/styles/square_thumbnail/public/image_nodes/luffa-in-garden-shutterstock_2232344277.jpg?itok=jhCesm6B
Microgreens,https://www.almanac.com/plant/microgreens,https://www.almanac.com/sites/default/files/styles/square_thumbnail/public/image_nodes/microgreens-tray.jpg?itok=KINW32ay
Mushrooms,https://www.almanac.com/plant/mushrooms,https://www.almanac.com/sites/default/files/styles/square_thumbnail/public/image_nodes/mushrooms-shutterstock_2358592605.jpg?itok=-8myxsIU
Mustard Greens,https://www.almanac.com/plant/mustard-greens,https://www.almanac.com/sites/default/files/styles/square_thumbnail/public/image_nodes/mustard-greens-shutterstock_792961951.jpg?itok=BS4J4GN6
Okra,https://www.almanac.com/plant/okra,https://www.almanac.com/sites/default/files/styles/square_thumbnail/public/images/okra.jpg?itok=9Ky4YeHX
Onions,https://www.almanac.com/plant/onions,https://www.almanac.com/sites/default/files/styles/square_thumbnail/public/image_nodes/shutterstock_2203736779.jpg?itok=39mPlNMf
Parsnips,https://www.almanac.com/plant/parsnips,https://www.almanac.com/sites/default/files/styles/square_thumbnail/public/image_nodes/parsnips-MartinaUnbehauen-SS.jpeg?itok=WerB8LBf
Peanuts,https://www.almanac.com/plant/peanuts,https://www.almanac.com/sites/default/files/styles/square_thumbnail/public/image_nodes/peanuts-shutterstock_2348293105.jpg?itok=ixLyVTG5
Peas,https://www.almanac.com/plant/peas,https://www.almanac.com/sites/default/files/styles/square_thumbnail/public/image_nodes/peas-and-pea-pods.jpg?itok=a8-mV_zW
Potatoes,https://www.almanac.com/plant/potatoes,https://www.almanac.com/sites/default/files/styles/square_thumbnail/public/image_nodes/potatoes%20eag1e%20GettyImages_0_0.jpg?itok=lJ0IUVSX
Pumpkins,https://www.almanac.com/plant/pumpkins,https://www.almanac.com/sites/default/files/styles/square_thumbnail/public/image_nodes/pumpkins%20maximkabb%20GettyImages_0.jpg?itok=ljFND6Kt
Radishes,https://www.almanac.com/plant/radishes,https://www.almanac.com/sites/default/files/styles/square_thumbnail/public/images/photo_2772.jpg?itok=RFmqnygt
Rhubarb,https://www.almanac.com/plant/rhubarb,https://www.almanac.com/sites/default/files/styles/square_thumbnail/public/image_nodes/rhubarb-leaves.jpg?itok=Bylndvo5
Roma Tomatoes,https://www.almanac.com/plant/how-grow-roma-tomatoes-complete-plant-guide,https://www.almanac.com/sites/default/files/styles/square_thumbnail/public/image_nodes/roma-shutterstock_2213522647.jpg?itok=vgscEOck
Rutabagas,https://www.almanac.com/plant/rutabagas,https://www.almanac.com/sites/default/files/styles/square_thumbnail/public/image_nodes/rutabaga%20By%20Peter%20Turner%20Photography%20shutterstock.jpg?itok=CtA5pxjf
Salsify,https://www.almanac.com/plant/salsify,https://www.almanac.com/sites/default/files/styles/square_thumbnail/public/image_nodes/salsify-white-shutterstock_2383758203.jpg?itok=BQJDLf8K
Shallots,https://www.almanac.com/plant/shallots,https://www.almanac.com/sites/default/files/styles/square_thumbnail/public/image_nodes/shallots-shutterstock_1094942888.jpg?itok=FWxQPDGu
Spinach,https://www.almanac.com/plant/spinach,https://www.almanac.com/sites/default/files/styles/square_thumbnail/public/image_nodes/spinach%20samotrebizan%20GettyImages_0.jpg?itok=JmagE4_m
Sweet Corn,https://www.almanac.com/plant/corn,https://www.almanac.com/sites/default/files/styles/square_thumbnail/public/image_nodes/corn-1605664_1920.jpg?itok=QNEV2jRl
Sweet Potatoes,https://www.almanac.com/plant/sweet-potatoes,https://www.almanac.com/sites/default/files/styles/square_thumbnail/public/image_nodes/sweet-potatoes_ssbonnietaylorbarry.jpg?itok=9q-SME2m
Swiss Chard,https://www.almanac.com/plant/swiss-chard,https://www.almanac.com/sites/default/files/styles/square_thumbnail/public/image_nodes/swiss_chard_nancy_kennedy_gettyimages.jpg?itok=8SoOlKzC
Tomatillos,https://www.almanac.com/plant/tomatillos,https://www.almanac.com/sites/default/files/styles/square_thumbnail/public/image_nodes/shutterstock_2030525060.jpg?itok=cuTdj5MX
Tomatoes,https://www.almanac.com/plant/tomatoes,https://www.almanac.com/sites/default/files/styles/square_thumbnail/public/image_nodes/tomatoes_helios4eos_gettyimages-edit.jpg?itok=F-tSEXgq
Turnips,https://www.almanac.com/plant/turnips,https://www.almanac.com/sites/default/files/styles/square_thumbnail/public/image_nodes/turnips_shutterstock_733782379.jpg?itok=Z1KT1av3
Winter Squash,https://www.almanac.com/plant/winter-squash,https://www.almanac.com/sites/default/files/styles/square_thumbnail/public/image_nodes/squash-butternut-vines_dleonis-getty.jpg?itok=04Rox3rL
Zucchini (Summer Squash),https://www.almanac.com/plant/zucchini,https://www.almanac.com/sites/default/files/styles/square_thumbnail/public/image_nodes/zucchini_sanny11_gettyimages_0.jpg?itok=UIQnLMfU
Apples,https://www.almanac.com/plant/apples,https://www.almanac.com/sites/default/files/styles/square_thumbnail/public/images/apple-tree.jpg?itok=QukoHRaQ
Blackberries,https://www.almanac.com/plant/blackberries,https://www.almanac.com/sites/default/files/styles/square_thumbnail/public/image_nodes/blackberries-dish.jpg?itok=qLercFP7
Blueberries,https://www.almanac.com/plant/blueberries,https://www.almanac.com/sites/default/files/styles/square_thumbnail/public/image_nodes/blueberries-close-up.jpg?itok=qajK6HwD
Cantaloupes,https://www.almanac.com/plant/cantaloupes,https://www.almanac.com/sites/default/files/styles/square_thumbnail/public/image_nodes/tasty-3524536_1920.jpg?itok=K2lkDItF
Cherries,https://www.almanac.com/plant/cherries,https://www.almanac.com/sites/default/files/styles/square_thumbnail/public/image_nodes/cherries-planting-growing-harvesting.jpg?itok=k4DYcd0_
Currants,https://www.almanac.com/plant/currants,https://www.almanac.com/sites/default/files/styles/square_thumbnail/public/image_nodes/currant-896233_1920_0.jpg?itok=GOduIiov
Elderberries,https://www.almanac.com/plant/elderberries,https://www.almanac.com/sites/default/files/styles/square_thumbnail/public/image_nodes/elderberries-shutterstock_1162900819.jpg?itok=faH8pBtG
Figs,https://www.almanac.com/plant/figs,https://www.almanac.com/sites/default/files/styles/square_thumbnail/public/image_nodes/figs.jpg?itok=xCXH30x0
Goji Berries,https://www.almanac.com/plant/goji-berries,https://www.almanac.com/sites/default/files/styles/square_thumbnail/public/image_nodes/goji-berries-shutterstock_90275923.jpg?itok=Rdu5Ebh-
Gooseberries,https://www.almanac.com/plant/gooseberries,https://www.almanac.com/sites/default/files/styles/square_thumbnail/public/image_nodes/gooseberries-branch-shutterstock_2339821593.jpg?itok=PxTqmuXa
Grapes,https://www.almanac.com/plant/grapes,https://www.almanac.com/sites/default/files/styles/square_thumbnail/public/image_nodes/green-grapes.jpg?itok=-j8BIcxz
Honeydew Melons,https://www.almanac.com/plant/honeydew-melons,https://www.almanac.com/sites/default/files/styles/square_thumbnail/public/image_nodes/honeydew-shutterstock_1428257837.jpg?itok=MuhoR04s
Kiwifruit,https://www.almanac.com/plant/kiwifruit,https://www.almanac.com/sites/default/files/styles/square_thumbnail/public/image_nodes/kiwi-close.jpg?itok=Scz7c0WF
Lemons,https://www.almanac.com/plant/how-grow-lemon-trees-complete-guide,https://www.almanac.com/sites/default/files/styles/square_thumbnail/public/image_nodes/lemon-pot-shutterstock_2468117939.jpg?itok=lMvH6SmE
Peaches,https://www.almanac.com/plant/peaches,https://www.almanac.com/sites/default/files/styles/square_thumbnail/public/image_nodes/peaches-branch.jpeg?itok=V-wwv7LY
Pears,https://www.almanac.com/plant/pears,https://www.almanac.com/sites/default/files/styles/square_thumbnail/public/images/pears.jpg?itok=Vs05zLc5
Plums,https://www.almanac.com/plant/plums,https://www.almanac.com/sites/default/files/styles/square_thumbnail/public/image_nodes/plums-branch.jpg?itok=X5CcgZMf
Pomegranates,https://www.almanac.com/plant/pomegranate,https://www.almanac.com/sites/default/files/styles/square_thumbnail/public/image_nodes/pomegranate-shutterstock_128640770.jpg?itok=LeFB5eTt
Raspberries,https://www.almanac.com/plant/raspberries,https://www.almanac.com/sites/default/files/styles/square_thumbnail/public/image_nodes/raspberries.jpg?itok=o1vvUsHS
Strawberries,https://www.almanac.com/plant/strawberries,https://www.almanac.com/sites/default/files/styles/square_thumbnail/public/image_nodes/strawberries-1.jpg?itok=oSE2GRdv
Watermelons,https://www.almanac.com/plant/watermelons,https://www.almanac.com/sites/default/files/styles/square_thumbnail/public/image_nodes/watermelon-many.jpg?itok=AletGpgu
Bay Laurel,https://www.almanac.com/plant/how-grow-bay-laurel-tree-bay-leaf,https://www.almanac.com/sites/default/files/styles/square_thumbnail/public/image_nodes/bay-leaves-shutterstock_2100642313.jpg?itok=cW529n4f
Basil,https://www.almanac.com/plant/basil,https://www.almanac.com/sites/default/files/styles/square_thumbnail/public/image_nodes/shutterstock_785723077.jpg?itok=7kk0E1tx
Borage,https://www.almanac.com/plant/borage,https://www.almanac.com/sites/default/files/styles/square_thumbnail/public/image_nodes/borage-1163168_1280.jpg?itok=C78zlb91
Cannabis,https://www.almanac.com/plant/cannabis,https://www.almanac.com/sites/default/files/styles/square_thumbnail/public/image_nodes/cannabis-s-shutterstock_2138399265.jpg?itok=PlMeUi-_
Chamomile,https://www.almanac.com/plant/how-grow-chamomile-complete-herb-guide,https://www.almanac.com/sites/default/files/styles/square_thumbnail/public/image_nodes/chamomile-flower-shutterstock_2184124047.jpg?itok=aUOAqgAK
Chives,https://www.almanac.com/plant/chives,https://www.almanac.com/sites/default/files/styles/square_thumbnail/public/image_nodes/chives-ss.jpg?itok=5rwYJB_Z
Cilantro (Coriander),https://www.almanac.com/plant/cilantro-coriander,https://www.almanac.com/sites/default/files/styles/square_thumbnail/public/image_nodes/cilantro.jpg?itok=kdfMrcn0
Dill,https://www.almanac.com/plant/dill,https://www.almanac.com/sites/default/files/styles/square_thumbnail/public/image_nodes/dill-ss.jpg?itok=D9XJ-Duo
Ginger,https://www.almanac.com/plant/ginger,https://www.almanac.com/sites/default/files/styles/square_thumbnail/public/image_nodes/shutterstock_1315047329.jpg?itok=Z1zigGn6
Lavender,https://www.almanac.com/plant/lavender,https://www.almanac.com/sites/default/files/styles/square_thumbnail/public/image_nodes/shutterstock_261949661.jpg?itok=3HgEIySX
Lemon Balm,https://www.almanac.com/plant/how-grow-lemon-balm-complete-guide,https://www.almanac.com/sites/default/files/styles/square_thumbnail/public/image_nodes/lemon-balm-daniel-johnson.jpg?itok=4rSPLWIK
Lemongrass,https://www.almanac.com/plant/how-grow-lemongrass-complete-plant-guide,https://www.almanac.com/sites/default/files/styles/square_thumbnail/public/image_nodes/cymbopogon-272641_1920.jpg?itok=Yv16NF4G
Lovage,https://www.almanac.com/plant/how-grow-lovage-plants-complete-herb-guide,https://www.almanac.com/sites/default/files/styles/square_thumbnail/public/image_nodes/lovage-herb-harvesting-shutterstock_2164161797.jpg?itok=yOPZ5EMo
Marjoram,https://www.almanac.com/plant/marjoram,https://www.almanac.com/sites/default/files/styles/square_thumbnail/public/image_nodes/marjoram-2370814_1920.jpg?itok=Z4M_NHUj
Mint,https://www.almanac.com/plant/mint,https://www.almanac.com/sites/default/files/styles/square_thumbnail/public/image_nodes/mint-planting-growing-harvesting.jpg?itok=OcSBnWQS
Oregano,https://www.almanac.com/plant/oregano,https://www.almanac.com/sites/default/files/styles/square_thumbnail/public/image_nodes/oregano.jpg?itok=G5vfJLQa
Parsley,https://www.almanac.com/plant/parsley,https://www.almanac.com/sites/default/files/styles/square_thumbnail/public/image_nodes/parsley-planting-growing-harvesting.jpg?itok=bS22nGRV
Rosemary,https://www.almanac.com/plant/rosemary,https://www.almanac.com/sites/default/files/styles/square_thumbnail/public/image_nodes/rosemary-ss.jpg?itok=o2vjUvmV
Sage,https://www.almanac.com/plant/sage,https://www.almanac.com/sites/default/files/styles/square_thumbnail/public/image_nodes/sage-planting-growing-harvesting.jpg?itok=Mn__0vtQ
Savory,https://www.almanac.com/plant/how-grow-savory-complete-herb-guide,https://www.almanac.com/sites/default/files/styles/square_thumbnail/public/image_nodes/savory-herb-shutterstock_1674355015.jpg?itok=BPxjEvK1
Tarragon,https://www.almanac.com/plant/tarragon,https://www.almanac.com/sites/default/files/styles/square_thumbnail/public/images/tarragon.jpg?itok=8VOe4H3S
Thyme,https://www.almanac.com/plant/thyme,https://www.almanac.com/sites/default/files/styles/square_thumbnail/public/image_nodes/thyme-planting-growing_0.jpg?itok=wEksCCjI
Salad Burnet,https://www.almanac.com/plant/salad-burnet-plant-herb-worth-growing,https://www.almanac.com/sites/default/files/styles/square_thumbnail/public/image_nodes/potted-salad-burnet-shutterstock.jpg?itok=hiEmD6NW
Red Spider Lily,https://www.almanac.com/plant/how-grow-red-spider-lily-complete-guide,https://www.almanac.com/sites/default/files/styles/square_thumbnail/public/image_nodes/red-spider-lily-outdoors-shutterstock_2456888895.jpg?itok=xdvjFo4X
Snowdrops,https://www.almanac.com/plant/how-grow-snowdrops-complete-guide,https://www.almanac.com/sites/default/files/styles/square_thumbnail/public/image_nodes/snowdrop-1025076_1920.jpg?itok=tKe6ziJZ
Snowdrops,https://www.almanac.com/plant/how-grow-snowdrops-complete-guide,https://www.almanac.com/sites/default/files/styles/square_thumbnail/public/image_nodes/snowdrop-1025076_1920.jpg?itok=tKe6ziJZ
African Blue Lily,https://www.almanac.com/plant/blue-lily,https://www.almanac.com/sites/default/files/styles/square_thumbnail/public/image_nodes/blue-lily-rawpixel.jpg?itok=5M1q_IFq
Cosmos,https://www.almanac.com/plant/cosmos,https://www.almanac.com/sites/default/files/styles/square_thumbnail/public/image_nodes/cosmos-flower.jpg?itok=PgB33aSP
Hellebores,https://www.almanac.com/plant/hellebores,https://www.almanac.com/sites/default/files/styles/square_thumbnail/public/image_nodes/helleb-ore-shutterstock_1125862577.jpg?itok=n94mCyYB
Pincushion Flowers,https://www.almanac.com/plant/growing-pincushion-flowers-scabiosa-complete-guide,https://www.almanac.com/sites/default/files/styles/square_thumbnail/public/image_nodes/scabiosa-columbaris-butterfly-blue-shutterstock_2391116555.jpg?itok=oL1ASQKh
Snapdragons,https://www.almanac.com/plant/growing-snapdragons-complete-guide,https://www.almanac.com/sites/default/files/styles/square_thumbnail/public/image_nodes/snapdragon-flowers-shutterstock_2144181803.jpg?itok=y2UvqqQD
Amaranths,https://www.almanac.com/plant/amaranth,https://www.almanac.com/sites/default/files/styles/square_thumbnail/public/image_nodes/amaranth-red-shutterstock_1128146189.jpg?itok=gcemTuBr
Amaryllis,https://www.almanac.com/plant/amaryllis,https://www.almanac.com/sites/default/files/styles/square_thumbnail/public/image_nodes/amaryllis.jpg?itok=P59MEwx5
Anemones,https://www.almanac.com/plant/anemone,https://www.almanac.com/sites/default/files/styles/square_thumbnail/public/image_nodes/anemone-flowers-Alexandra-Glen-SS.jpeg?itok=Q_BMhme3
Asters,https://www.almanac.com/plant/asters,https://www.almanac.com/sites/default/files/styles/square_thumbnail/public/image_nodes/aster-flowers_0.jpg?itok=Qf8asKwB
Astilbes,https://www.almanac.com/plant/astilbe,https://www.almanac.com/sites/default/files/styles/square_thumbnail/public/image_nodes/astilbe-shutterstock_1308208504.jpg?itok=XFq5umV0
Baby's Breath,https://www.almanac.com/plant/babys-breath,https://www.almanac.com/sites/default/files/styles/square_thumbnail/public/image_nodes/shutterstock_1757710130.jpg?itok=v-KGG1Cb
Bachelor's Buttons,https://www.almanac.com/plant/bachelors-buttons,https://www.almanac.com/sites/default/files/styles/square_thumbnail/public/image_nodes/flower-g3f8b34165_1920.jpg?itok=Kz957ZFy
Bacopa,https://www.almanac.com/plant/Bacopa,https://www.almanac.com/sites/default/files/styles/square_thumbnail/public/image_nodes/shutterstock_2117941217.jpg?itok=BR6hkSGI
Bee Balm (Monarda),https://www.almanac.com/plant/bee-balm,https://www.almanac.com/sites/default/files/styles/square_thumbnail/public/image_nodes/bee-balm-shutterstock_1937727409.jpg?itok=OGwXUphe
Bellflowers,https://www.almanac.com/plant/bellflowers-campanula,https://www.almanac.com/sites/default/files/styles/square_thumbnail/public/image_nodes/bellflower-primary.jpg?itok=hCBJdE8f
Bird of Paradise,https://www.almanac.com/plant/bird-paradise,https://www.almanac.com/sites/default/files/styles/square_thumbnail/public/image_nodes/bird%20of%20paradise.jpeg?itok=nllifn72
Black-eyed Susans,https://www.almanac.com/plant/black-eyed-susans,https://www.almanac.com/sites/default/files/styles/square_thumbnail/public/image_nodes/black-eyed-susans-shutterstock_1153603465.jpg?itok=fk1Gm2Os
Blanket Flowers,https://www.almanac.com/plant/how-grow-blanket-flowers-gaillardia,https://www.almanac.com/sites/default/files/styles/square_thumbnail/public/image_nodes/blanket-flower-shutterstock_2075757967.jpg?itok=hvVVfTPM
Bleeding Hearts,https://www.almanac.com/plant/bleeding-heart,https://www.almanac.com/sites/default/files/styles/square_thumbnail/public/image_nodes/flower-2743132_1920.jpg?itok=EIUqtYYe
Bougainvilleas,https://www.almanac.com/plant/bougainvillea,https://www.almanac.com/sites/default/files/styles/square_thumbnail/public/image_nodes/shutterstock_2071345550.jpg?itok=mQsqLaxX
Calendula,https://www.almanac.com/plant/how-grow-calendula-complete-guide,https://www.almanac.com/sites/default/files/styles/square_thumbnail/public/image_nodes/calendula-flower-3448949_1920.jpg?itok=-BOUj4VY
Calla Lilies,https://www.almanac.com/plant/calla-lily,https://www.almanac.com/sites/default/files/styles/square_thumbnail/public/image_nodes/shutterstock_784141075.jpg?itok=pe7FtTq1
Cannas,https://www.almanac.com/plant/cannas,https://www.almanac.com/sites/default/files/styles/square_thumbnail/public/image_nodes/canna_tropicanna_3_varieties_0.jpg?itok=2HteUvBK
Catmint,https://www.almanac.com/plant/catmint,https://www.almanac.com/sites/default/files/styles/square_thumbnail/public/image_nodes/catmint-shutterstock_2167144813_0.jpg?itok=bnHuSD4a
Chrysanthemums,https://www.almanac.com/plant/chrysanthemums,https://www.almanac.com/sites/default/files/styles/square_thumbnail/public/image_nodes/mums-shutterstock_739751785.jpg?itok=ZHB1rmXG
Citronella Plants,https://www.almanac.com/plant/citronella-plants,https://www.almanac.com/sites/default/files/styles/square_thumbnail/public/image_nodes/citronella-plant-outdoors.jpg?itok=hB1oLjvh
Columbines,https://www.almanac.com/plant/columbine,https://www.almanac.com/sites/default/files/styles/square_thumbnail/public/image_nodes/columbine-aquilegia-shutterstock_42234346.jpg?itok=NHcjxlbW
Coneflowers (Echinacea),https://www.almanac.com/plant/coneflowers,https://www.almanac.com/sites/default/files/styles/square_thumbnail/public/image_nodes/coneflowers-Molly%20Shannon-shutterstock_1878145645.jpg?itok=a6HAY0Bz
Coreopsis,https://www.almanac.com/plant/coreopsis,https://www.almanac.com/sites/default/files/styles/square_thumbnail/public/image_nodes/coreopsis-shutterstock_302381303.jpg?itok=6qMyQ8Di
Crocuses,https://www.almanac.com/plant/crocuses,https://www.almanac.com/sites/default/files/styles/square_thumbnail/public/image_nodes/crocuses.jpg?itok=vC-bAoOq
Daffodils,https://www.almanac.com/plant/daffodils,https://www.almanac.com/sites/default/files/styles/square_thumbnail/public/image_nodes/daffodils-jetfire-shutterstock_1933345733.jpg?itok=gowpmAET
Dahlias,https://www.almanac.com/plant/dahlias,https://www.almanac.com/sites/default/files/styles/square_thumbnail/public/image_nodes/dahlia-shutterstock.jpg?itok=Rw3Jkv4c
Daylilies,https://www.almanac.com/plant/daylilies,https://www.almanac.com/sites/default/files/styles/square_thumbnail/public/image_nodes/daylily-orange.jpg?itok=d7uykwBo
Delphiniums,https://www.almanac.com/plant/delphinium,https://www.almanac.com/sites/default/files/styles/square_thumbnail/public/image_nodes/delphinium-shutterstock_606739715_0.jpg?itok=nAnA0Wky
Dianthuses,https://www.almanac.com/plant/dianthus,https://www.almanac.com/sites/default/files/styles/square_thumbnail/public/image_nodes/dianthus-shutterstock.jpg?itok=4CMkBlGm
Diascias,https://www.almanac.com/plant/diascia-twinspur,https://www.almanac.com/sites/default/files/styles/square_thumbnail/public/image_nodes/shutterstock_1479402239.jpg?itok=6Q2ereJB
Flowering Maple,https://www.almanac.com/plant/flowering-maples,https://www.almanac.com/sites/default/files/styles/square_thumbnail/public/image_nodes/flowering%20maple.jpg?itok=B8FJ4683
Forget-Me-Nots,https://www.almanac.com/plant/forget-me-not,https://www.almanac.com/sites/default/files/styles/square_thumbnail/public/image_nodes/forgetmenot-shutterstock_633680201.jpg?itok=lT0zpy2O
Foxgloves,https://www.almanac.com/plant/foxglove,https://www.almanac.com/sites/default/files/styles/square_thumbnail/public/image_nodes/foxglove-shutterstock_656531998.jpg?itok=VTzK0cib
Fuchsias,https://www.almanac.com/plant/fuchsia,https://www.almanac.com/sites/default/files/styles/square_thumbnail/public/image_nodes/fuchsia-shutterstock_439347988.jpg?itok=JDnEQJhr
Gauras,https://www.almanac.com/plant/gauras,https://www.almanac.com/sites/default/files/styles/square_thumbnail/public/image_nodes/shutterstock_2229051413.jpg?itok=-lglo5Xi
Geraniums (Pelargonium),https://www.almanac.com/plant/geraniums,https://www.almanac.com/sites/default/files/styles/square_thumbnail/public/image_nodes/Pink%20Pelargonium.jpg?itok=5zMpZX3n
Gerbera Daisies,https://www.almanac.com/plant/gerbera-daisies,https://www.almanac.com/sites/default/files/styles/square_thumbnail/public/image_nodes/gerbera-daisies.jpg?itok=tyMuI7LI
Gladioli,https://www.almanac.com/plant/gladiolus,https://www.almanac.com/sites/default/files/styles/square_thumbnail/public/image_nodes/shutterstock_1553794811.jpg?itok=9eWBOxJX
Goldenrod,https://www.almanac.com/plant/goldenrod,https://www.almanac.com/sites/default/files/styles/square_thumbnail/public/image_nodes/goldenrod.jpg?itok=4IBH2zKK
Heliotropes,https://www.almanac.com/plant/heliotropes,https://www.almanac.com/sites/default/files/styles/square_thumbnail/public/image_nodes/heliotrope-plant.jpg?itok=UwH1Wgxk
Hollyhocks,https://www.almanac.com/plant/hollyhocks,https://www.almanac.com/sites/default/files/styles/square_thumbnail/public/image_nodes/hollyhocks.jpg?itok=WO0jNH3V
Hyacinths and Muscari,https://www.almanac.com/plant/growing-hyacinth-muscari,https://www.almanac.com/sites/default/files/styles/square_thumbnail/public/image_nodes/hyacinths-marcin_jucha_ss.jpg?itok=Enh9Obpr
Impatiens,https://www.almanac.com/plant/impatiens,https://www.almanac.com/sites/default/files/styles/square_thumbnail/public/image_nodes/impatiens-shutterstock_2126024906.jpg?itok=PeZNl_N2
Irises,https://www.almanac.com/plant/irises,https://www.almanac.com/sites/default/files/styles/square_thumbnail/public/image_nodes/irises.jpg?itok=hKzIFlvH
Lantanas,https://www.almanac.com/plant/lantanas,https://www.almanac.com/sites/default/files/styles/square_thumbnail/public/image_nodes/33803.jpeg?itok=Owdp4L6_
Larkspur,https://www.almanac.com/plant/larkspurs,https://www.almanac.com/sites/default/files/styles/square_thumbnail/public/image_nodes/larkspur-shutterstock_2129888306.jpg?itok=tX_bR3FD
Lilies,https://www.almanac.com/plant/lilies,https://www.almanac.com/sites/default/files/styles/square_thumbnail/public/image_nodes/pink%20lilies-Anastasios71-SS.jpeg?itok=YVK8Kph6
Lily of the Valley,https://www.almanac.com/plant/lily-valley,https://www.almanac.com/sites/default/files/styles/square_thumbnail/public/image_nodes/lily-of-the-valley-sun_0.jpg?itok=cu5zNvBc
Lisianthus,https://www.almanac.com/plant/lisianthus,https://www.almanac.com/sites/default/files/styles/square_thumbnail/public/image_nodes/lisianthus-shutterstock_1990568447.jpg?itok=v8Wdjt-y
Lupines,https://www.almanac.com/plant/lupines,https://www.almanac.com/sites/default/files/styles/square_thumbnail/public/image_nodes/lupine-799002_1920.jpg?itok=FDQW5ngS
Milkweed,https://www.almanac.com/plant/milkweed,https://www.almanac.com/sites/default/files/styles/square_thumbnail/public/image_nodes/milkweed-flowers-Lmmahood.jpeg?itok=su-v1gSB
Million Bells,https://www.almanac.com/plant/million-bells,https://www.almanac.com/sites/default/files/styles/square_thumbnail/public/image_nodes/million-bells-flowers.jpg?itok=J4qTB2D1
Morning Glories,https://www.almanac.com/plant/morning-glories,https://www.almanac.com/sites/default/files/styles/square_thumbnail/public/image_nodes/growing-morning-glories-ss.jpg?itok=0fAu7JJn
Moss Roses,https://www.almanac.com/plant/moss-roses,https://www.almanac.com/sites/default/files/styles/square_thumbnail/public/image_nodes/shutterstock_2364002925.jpg?itok=IOswGOq4
Nigella,https://www.almanac.com/plant/nigella-love-mist,https://www.almanac.com/sites/default/files/styles/square_thumbnail/public/image_nodes/shutterstock_2185238227.jpg?itok=8oDVNoHx
Pansies,https://www.almanac.com/plant/pansies,https://www.almanac.com/sites/default/files/styles/square_thumbnail/public/image_nodes/pansies-in-pots-crop_0.jpg?itok=wb22V6B_
Peonies,https://www.almanac.com/plant/peonies,https://www.almanac.com/sites/default/files/styles/square_thumbnail/public/image_nodes/peony-pink-e_0.jpg?itok=aTAY7z3X
Petunias,https://www.almanac.com/plant/petunias,https://www.almanac.com/sites/default/files/styles/square_thumbnail/public/image_nodes/petunias%20Pilat666%20GettyImages-crop.jpeg?itok=Bq15yD4-
Phlox,https://www.almanac.com/plant/phlox,https://www.almanac.com/sites/default/files/styles/square_thumbnail/public/image_nodes/phlox-white_0.jpg?itok=vm346h0e
Poppies,https://www.almanac.com/plant/poppies,https://www.almanac.com/sites/default/files/styles/square_thumbnail/public/image_nodes/shutterstock_1984194854.jpg?itok=rI3spgdv
Queen Anne's Lace,https://www.almanac.com/plant/how-grow-queen-annes-lace,https://www.almanac.com/sites/default/files/styles/square_thumbnail/public/image_nodes/queen-annes-lace-primary.jpg?itok=gz0zOt-7
Ranunculus,https://www.almanac.com/plant/how-grow-ranunculus-complete-guide,https://www.almanac.com/sites/default/files/styles/square_thumbnail/public/image_nodes/buttercup-ranunculus-shutterstock_2422685633.jpg?itok=8uJ9wLRd
Roses,https://www.almanac.com/plant/roses,https://www.almanac.com/sites/default/files/styles/square_thumbnail/public/image_nodes/roses.jpg?itok=RriwUt-g
Russian Sage,https://www.almanac.com/plant/russian-sage,https://www.almanac.com/sites/default/files/styles/square_thumbnail/public/image_nodes/russian%20sage-agatchen-SS.jpeg?itok=9oQ-P-mA
Salvia (Ornamental Sage),https://www.almanac.com/plant/salvia,https://www.almanac.com/sites/default/files/styles/square_thumbnail/public/image_nodes/saliva-shutterstock_2177237555.jpg?itok=RAZdxZ1x
Sedums,https://www.almanac.com/plant/sedum,https://www.almanac.com/sites/default/files/styles/square_thumbnail/public/image_nodes/sedum-autumn-joy.jpg?itok=RSdml4vY
Shasta Daisies,https://www.almanac.com/plant/shasta-daisies,https://www.almanac.com/sites/default/files/styles/square_thumbnail/public/image_nodes/shasta-daisies-plant-grow.jpg?itok=dtMsCJrn
Sunflowers,https://www.almanac.com/plant/sunflowers,https://www.almanac.com/sites/default/files/styles/square_thumbnail/public/image_nodes/sunflower-1627193_1920.jpg?itok=xbXYAB7P
Sweet Peas,https://www.almanac.com/plant/sweet-peas,https://www.almanac.com/sites/default/files/styles/square_thumbnail/public/image_nodes/sweet-peas_moravska-ss-resize.jpg?itok=PGn68LPM
Trailing Lobelia,https://www.almanac.com/plant/trailing-lobelia,https://www.almanac.com/sites/default/files/styles/square_thumbnail/public/image_nodes/trailing-lobelia.jpg?itok=LWWHLR6m
Tulips,https://www.almanac.com/plant/tulips,https://www.almanac.com/sites/default/files/styles/square_thumbnail/public/image_nodes/tulips-multicolored_0.jpg?itok=tljBcBSD
Verbenas,https://www.almanac.com/plant/verbena,https://www.almanac.com/sites/default/files/styles/square_thumbnail/public/image_nodes/verbena-Flower_Garden-SS.jpg?itok=7OKmtx0F
Veronicas,https://www.almanac.com/plant/veronica-speedwell,https://www.almanac.com/sites/default/files/styles/square_thumbnail/public/image_nodes/speedwell-primary-shutterstock_2184117633.jpg?itok=8YreRzLL
Wallflowers,https://www.almanac.com/plant/wallflowers,https://www.almanac.com/sites/default/files/styles/square_thumbnail/public/image_nodes/erysimum-orange.jpg?itok=BQXv-SQ7
Wishbone Flowers,https://www.almanac.com/plant/wishbone-flowers,https://www.almanac.com/sites/default/files/styles/square_thumbnail/public/image_nodes/shutterstock_2474256965.jpg?itok=T_YWCuGC
Yarrow,https://www.almanac.com/plant/yarrow,https://www.almanac.com/sites/default/files/styles/square_thumbnail/public/image_nodes/IMG_2976.jpeg?itok=AQPTndnY
Zinnias,https://www.almanac.com/plant/zinnias,https://www.almanac.com/sites/default/files/styles/square_thumbnail/public/image_nodes/shutterstock_1962003997.jpg?itok=uukTHM_T
Marigolds,https://www.almanac.com/plant/marigolds,https://www.almanac.com/sites/default/files/styles/square_thumbnail/public/image_nodes/french-marigolds-2_0.jpg?itok=bIjjeLwF
Nasturtiums,https://www.almanac.com/plant/nasturtiums,https://www.almanac.com/sites/default/files/styles/square_thumbnail/public/image_nodes/nasturtium-close.jpg?itok=12XfK39Q
Scaevola,https://www.almanac.com/plant/scaevola,https://www.almanac.com/sites/default/files/styles/square_thumbnail/public/image_nodes/white-scaevola-pixabay.jpg?itok=JzJ1Rdna
African Daisy,https://www.almanac.com/plant/african-daisy,https://www.almanac.com/sites/default/files/styles/square_thumbnail/public/image_nodes/african-daisy-pexels.jpg?itok=ZYSNyJ5P
Coral Bells (Heucheras),https://www.almanac.com/plant/coral-bells-heucheras,https://www.almanac.com/sites/default/files/styles/square_thumbnail/public/image_nodes/shutterstock_1960335955.jpg?itok=lkWk_AI-
Bamboo,https://www.almanac.com/plant/bamboo,https://www.almanac.com/sites/default/files/styles/square_thumbnail/public/image_nodes/bamboo_0.jpg?itok=d9VrZK0K
Caladiums,https://www.almanac.com/plant/caladiums,https://www.almanac.com/sites/default/files/styles/square_thumbnail/public/image_nodes/Caladium.jpg?itok=YQlXImK8
Coleus,https://www.almanac.com/plant/coleus,https://www.almanac.com/sites/default/files/styles/square_thumbnail/public/image_nodes/coleus-red-zzz555zzz-SS_0.jpeg?itok=yrjPvPXq
Dusty miller,https://www.almanac.com/plant/how-grow-dusty-miller-complete-plant-guide,https://www.almanac.com/sites/default/files/styles/square_thumbnail/public/image_nodes/dusty-miller-foliage-plant-shutterstock_2461293909.jpg?itok=IgIQCTab
Elephant Ears,https://www.almanac.com/plant/elephant-ears,https://www.almanac.com/sites/default/files/styles/square_thumbnail/public/image_nodes/elephant-ears-1520824_1920.jpg?itok=dYQnRswC
Hostas,https://www.almanac.com/plant/hostas,https://www.almanac.com/sites/default/files/styles/square_thumbnail/public/image_nodes/hosta-plant.jpg?itok=u6K6IVkA
Boxwoods,https://www.almanac.com/plant/boxwoods,https://www.almanac.com/sites/default/files/styles/square_thumbnail/public/image_nodes/boxwood-shutterstock_1753870496.jpg?itok=Lw-LVNU2
Butterfly Bushes,https://www.almanac.com/plant/butterfly-bush,https://www.almanac.com/sites/default/files/styles/square_thumbnail/public/image_nodes/budelia%20Willowpix%20GettyImages.jpg?itok=OUtgoiBD
Beautyberries,https://www.almanac.com/plant/beautyberry,https://www.almanac.com/sites/default/files/styles/square_thumbnail/public/image_nodes/beautyberry.jpg?itok=Rm0gstou
Forsythias,https://www.almanac.com/plant/forsythia,https://www.almanac.com/sites/default/files/styles/square_thumbnail/public/image_nodes/forsythia-2188453_1920.jpg?itok=h0JTAG2t
Oleander,https://www.almanac.com/plant/growing-oleander-complete-guide,https://www.almanac.com/sites/default/files/styles/square_thumbnail/public/image_nodes/oleander-flowers-shutterstock_2366386333.jpg?itok=i7Ithh-6
Hydrangeas,https://www.almanac.com/plant/hydrangeas,https://www.almanac.com/sites/default/files/styles/square_thumbnail/public/image_nodes/hydrangea-pink-bush_0.jpg?itok=smyQHBLD
Gardenias,https://www.almanac.com/plant/gardenia,https://www.almanac.com/sites/default/files/styles/square_thumbnail/public/image_nodes/gardenia-shutterstock_1972989011.jpg?itok=jWpTKTvJ
Honeysuckles,https://www.almanac.com/plant/honeysuckle,https://www.almanac.com/sites/default/files/styles/square_thumbnail/public/image_nodes/honeysuckle-Charles-Collard-SS.jpeg?itok=sjMkcA8F
Lilacs,https://www.almanac.com/plant/lilacs,https://www.almanac.com/sites/default/files/styles/square_thumbnail/public/images/photo_11437.jpg?itok=6KFvyWfg
Viburnums,https://www.almanac.com/plant/viburnum,https://www.almanac.com/sites/default/files/styles/square_thumbnail/public/image_nodes/viburnum-flowers-snowball.jpg?itok=rikQWmmI
Smokebush,https://www.almanac.com/plant/how-grow-and-care-smokebush-complete-gardeners-guide,https://www.almanac.com/sites/default/files/styles/square_thumbnail/public/image_nodes/smokebush-shutterstock_2347395689.jpg?itok=HPPGY5QD
Hibiscus,https://www.almanac.com/plant/hibiscus,https://www.almanac.com/sites/default/files/styles/square_thumbnail/public/image_nodes/hibiscus-shutterstock_669329647.jpg?itok=R7sjVSOw
Holly Bushes,https://www.almanac.com/plant/holly,https://www.almanac.com/sites/default/files/styles/square_thumbnail/public/image_nodes/holly-shutterstock_676001236.jpg?itok=wWHFbCW_
Mock Oranges,https://www.almanac.com/plant/how-grow-mock-orange-complete-guide,https://www.almanac.com/sites/default/files/styles/square_thumbnail/public/image_nodes/mock-orange-shrub-shutterstock_2178842791.jpg?itok=HaZJAbOk
Mountain Laurel,https://www.almanac.com/plant/mountain-laurel,https://www.almanac.com/sites/default/files/styles/square_thumbnail/public/image_nodes/mountain-laurel.jpg?itok=7ma1bJMJ
Rhododendrons and Azaleas,https://www.almanac.com/plant/rhododendrons-and-azaleas,https://www.almanac.com/sites/default/files/styles/square_thumbnail/public/image_nodes/rhododendron-pink-bush-edit_0.jpg?itok=OvY5gSAR
Rose of Sharon,https://www.almanac.com/plant/rose-sharon,https://www.almanac.com/sites/default/files/styles/square_thumbnail/public/images/photo_4657.jpg?itok=ZuNsr5Jp
Spirea,https://www.almanac.com/plant/how-grow-spirea-garden-complete-guide,https://www.almanac.com/sites/default/files/styles/square_thumbnail/public/image_nodes/spiria-bush-pink-flowers-closeup-shutterstock_1434110618.jpg?itok=igtnuLEB
Weigela,https://www.almanac.com/plant/weigela,https://www.almanac.com/sites/default/files/styles/square_thumbnail/public/image_nodes/weigela-pink-shutterstock_2467788343.jpg?itok=sGdCmmBo
Plumbago,https://www.almanac.com/plant/how-grow-and-care-plumbago-plants,https://www.almanac.com/sites/default/files/styles/square_thumbnail/public/image_nodes/plumbago-flower-shutterstock_2498480619.jpg?itok=AVMii2EB
Plumbago,https://www.almanac.com/plant/how-grow-and-care-plumbago-plants,https://www.almanac.com/sites/default/files/styles/square_thumbnail/public/image_nodes/plumbago-flower-shutterstock_2498480619.jpg?itok=AVMii2EB
Crepe Myrtles,https://www.almanac.com/plant/crepe-myrtles,https://www.almanac.com/sites/default/files/styles/square_thumbnail/public/image_nodes/shutterstock_1449170603.jpg?itok=CF93Qo93
Cottonwood Tree,https://www.almanac.com/plant/cottonwood-trees,https://www.almanac.com/sites/default/files/styles/square_thumbnail/public/image_nodes/old-cottonwood-treejpg.jpg?itok=tqzkhvAd
Dogwoods,https://www.almanac.com/plant/flowering-dogwood-trees,https://www.almanac.com/sites/default/files/styles/square_thumbnail/public/image_nodes/shutterstock_569010709.jpg?itok=5tOjaUWJ
Magnolias,https://www.almanac.com/plant/magnolia,https://www.almanac.com/sites/default/files/styles/square_thumbnail/public/image_nodes/magnolia-shutterstock_2403978871.jpg?itok=Wl1ISXjq
Maples,https://www.almanac.com/plant/maple,https://www.almanac.com/sites/default/files/styles/square_thumbnail/public/image_nodes/maple-tree-primary-shutterstock_2398945379.jpg?itok=ZS8annM3
Pecan Trees,https://www.almanac.com/plant/pecan,https://www.almanac.com/sites/default/files/styles/square_thumbnail/public/image_nodes/pecan-tree-shutterstock_131063321.jpg?itok=8ttwsP7y
Plumerias,https://www.almanac.com/plant/plumeria,https://www.almanac.com/sites/default/files/styles/square_thumbnail/public/images/img_4703.jpg?itok=B9QPyYwT
Arborvitaes,https://www.almanac.com/plant/arborvitae,https://www.almanac.com/sites/default/files/styles/square_thumbnail/public/image_nodes/arborvitae_rlat-getty.jpg?itok=d1jCiE3q
Japanese Maples,https://www.almanac.com/plant/japanese-maple,https://www.almanac.com/sites/default/files/styles/square_thumbnail/public/image_nodes/jap-map-shutterstock_1242124450.jpg?itok=jxNpHdPP
Redbuds,https://www.almanac.com/plant/redbud,https://www.almanac.com/sites/default/files/styles/square_thumbnail/public/image_nodes/redbud-shutterstock_2304626309.jpg?itok=YTw1N0Vg
Arrowhead Plant,https://www.almanac.com/plant/arrowhead-plant-care-and-propagation-synagonium,https://www.almanac.com/sites/default/files/styles/square_thumbnail/public/image_nodes/syngonium-arrowhead-leaves-shutterstock_2334186701.jpg?itok=IEgjyjKX
Cordyline,https://www.almanac.com/plant/cordyline,https://www.almanac.com/sites/default/files/styles/square_thumbnail/public/image_nodes/cordyline.jpg?itok=izzbM2VW
Christmas Cactus,https://www.almanac.com/plant/christmas-cactus,https://www.almanac.com/sites/default/files/styles/square_thumbnail/public/image_nodes/shutterstock_1604517814.jpg?itok=O5W96tkl
African Violets,https://www.almanac.com/plant/african-violets,https://www.almanac.com/sites/default/files/styles/square_thumbnail/public/image_nodes/african%20violet.jpg?itok=qdSH7WVB
Aloe Vera,https://www.almanac.com/plant/aloe-vera,https://www.almanac.com/sites/default/files/styles/square_thumbnail/public/image_nodes/aloe-vera-white-pot_sunwand24-ss_edit_0.jpg?itok=Tp0xVLVm
Anthuriums,https://www.almanac.com/plant/anthuriums,https://www.almanac.com/sites/default/files/styles/square_thumbnail/public/image_nodes/anthurium-wide.jpg?itok=Hr1VtQ6W
Begonias,https://www.almanac.com/plant/begonias,https://www.almanac.com/sites/default/files/styles/square_thumbnail/public/image_nodes/red-kiss-rex-begonia-1509722_1920.jpg?itok=IuB4zEY8
Calatheas,https://www.almanac.com/plant/how-care-calathea-plants,https://www.almanac.com/sites/default/files/styles/square_thumbnail/public/image_nodes/calathea-plants-shutterstock_2135107335.jpg?itok=NqDb7bQi
Cast Iron Plant,https://www.almanac.com/plant/cast-iron-plant,https://www.almanac.com/sites/default/files/styles/square_thumbnail/public/image_nodes/cast-iron-plant-shutterstock.jpg?itok=wtobLe63
Clivia,https://www.almanac.com/plant/clivia,https://www.almanac.com/sites/default/files/styles/square_thumbnail/public/image_nodes/shutterstock_2211150129.jpg?itok=L7wsmUn4
Croton,https://www.almanac.com/plant/croton,https://www.almanac.com/sites/default/files/styles/square_thumbnail/public/image_nodes/croton.jpg?itok=ZTeCyFxp
Dieffenbachia,https://www.almanac.com/plant/how-care-dieffenbachia-plants,https://www.almanac.com/sites/default/files/styles/square_thumbnail/public/image_nodes/dieffenbachia-houseplant-shutterstock_2079403630.jpg?itok=IYhqN_17
English Ivy,https://www.almanac.com/plant/english-ivy,https://www.almanac.com/sites/default/files/styles/square_thumbnail/public/image_nodes/english-ivy-variegated.jpg?itok=yyUoCitt
Fiddle Leaf Figs,https://www.almanac.com/plant/fiddle-leaf-fig,https://www.almanac.com/sites/default/files/styles/square_thumbnail/public/image_nodes/shutterstock_1922556569.jpg?itok=aPXDvE-O
Hoya Plants,https://www.almanac.com/plant/hoya-plants,https://www.almanac.com/sites/default/files/styles/square_thumbnail/public/image_nodes/hoya-plant.jpg?itok=0jiqZOw7
Inch Plants,https://www.almanac.com/plant/inch-plant,https://www.almanac.com/sites/default/files/styles/square_thumbnail/public/image_nodes/wandering-jew-plant.jpg?itok=6kNYM6JE
Jade Plants,https://www.almanac.com/plant/jade-plants,https://www.almanac.com/sites/default/files/styles/square_thumbnail/public/image_nodes/growing-jade-plant.jpg?itok=s1bs9DpW
Monstera,https://www.almanac.com/plant/monstera,https://www.almanac.com/sites/default/files/styles/square_thumbnail/public/image_nodes/Monstera.jpg?itok=hWR3oKeG
Orchids,https://www.almanac.com/plant/orchids,https://www.almanac.com/sites/default/files/styles/square_thumbnail/public/image_nodes/orchid-pot-shutterstock_491195248_0.jpg?itok=aIBx6Nb0
Peace Lilies,https://www.almanac.com/plant/peace-lilies,https://www.almanac.com/sites/default/files/styles/square_thumbnail/public/image_nodes/peace_plant_georgina198_gettyimages_0.jpg?itok=U5Amc-jl
Peperomia,https://www.almanac.com/plant/how-care-peperomia-plants,https://www.almanac.com/sites/default/files/styles/square_thumbnail/public/image_nodes/peperomia-shutterstock_1844999089.jpg?itok=KxutxVf-
Philodendrons,https://www.almanac.com/plant/philodendrons,https://www.almanac.com/sites/default/files/styles/square_thumbnail/public/image_nodes/shutterstock_2067587687.jpg?itok=df6F98Xa
Ponytail Palms,https://www.almanac.com/plant/ponytail-palms,https://www.almanac.com/sites/default/files/styles/square_thumbnail/public/image_nodes/ponytail%20palm-RenataKa-SS.jpeg?itok=eOk_1Xn9
Pothos,https://www.almanac.com/plant/pothos,https://www.almanac.com/sites/default/files/styles/square_thumbnail/public/image_nodes/shutterstock_1440885608.jpg?itok=hWGHGgss
Snake Plants,https://www.almanac.com/plant/snake-plants,https://www.almanac.com/sites/default/files/styles/square_thumbnail/public/image_nodes/shutterstock_679786570.jpg?itok=8n-qYtFF
Spider Plants,https://www.almanac.com/plant/spider-plants,https://www.almanac.com/sites/default/files/styles/square_thumbnail/public/image_nodes/spider-plant_t50-ss_0.jpg?itok=sT6lqUbu
String of Pearls,https://www.almanac.com/plant/how-care-string-pearls-plant,https://www.almanac.com/sites/default/files/styles/square_thumbnail/public/image_nodes/string-of-pearls-houseplant-shutterstock_2154468275.jpg?itok=0AEzcHYS
Banana Plant,https://www.almanac.com/plant/banana-plant,https://www.almanac.com/sites/default/files/styles/square_thumbnail/public/image_nodes/dwarf-cavendrish-banana-plant-shutterstock_1825984067.jpg?itok=VGmXHCQe
Air Plants (Tillandsia),https://www.almanac.com/plant/air-plants,https://www.almanac.com/sites/default/files/styles/square_thumbnail/public/image_nodes/air-plant-on-log.jpg?itok=hjfImyEl
Mother of Thousands,https://www.almanac.com/plant/mother-thousands,https://www.almanac.com/sites/default/files/styles/square_thumbnail/public/image_nodes/mother-of-thousands-plant-shutterstock_2573913731.jpg?itok=YKbP6wdu
Parlor Palm,https://www.almanac.com/plant/parlor-palm-guide-plant-care-and-how-grow,https://www.almanac.com/sites/default/files/styles/square_thumbnail/public/image_nodes/parlor-palm-dog-shutterstock_1954174894.jpg?itok=Khd9Y_yR
Polka Dot Plant,https://www.almanac.com/plant/polka-dot-plant,https://www.almanac.com/sites/default/files/styles/square_thumbnail/public/image_nodes/polka-dot-plant-pink-shutterstock_1984538396.jpg?itok=g8QBdEB3
Sago Palm,https://www.almanac.com/plant/sago-palm,https://www.almanac.com/sites/default/files/styles/square_thumbnail/public/image_nodes/sago-palm-houseplant.jpg?itok=5tMgFr03
Staghorn Ferns,https://www.almanac.com/plant/staghorn-fern-care-growing-platycerium-bifurcatum,https://www.almanac.com/sites/default/files/styles/square_thumbnail/public/image_nodes/mounted-staghorn-fern-shutterstock_1520561201.jpg?itok=tbFqx5Uy
Umbrella Plant,https://www.almanac.com/plant/umbrella-plant-care-guide-schefflera,https://www.almanac.com/sites/default/files/styles/square_thumbnail/public/image_nodes/umbrella-plant-shutterstock_2119515644.jpg?itok=3No_Yhte
Agave,https://www.almanac.com/plant/agave-plant,https://www.almanac.com/sites/default/files/styles/square_thumbnail/public/image_nodes/agave-tequilana-wikimedia.png?itok=Gih1EW_2
Kentucky bluegrass,https://www.almanac.com/plant/how-grow-and-care-kentucky-bluegrass-lawn,https://www.almanac.com/sites/default/files/styles/square_thumbnail/public/image_nodes/kentucky-bluegrass-leaf-blade.jpg?itok=7VEI-f8n
Pachysandra,https://www.almanac.com/plant/how-grow-and-care-pachysandra,https://www.almanac.com/sites/default/files/styles/square_thumbnail/public/image_nodes/pachysandra-plant-outside-shutterstock_1854388150.jpg?itok=nrNUSB3X
Creeping Thyme,https://www.almanac.com/plant/creeping-thyme,https://www.almanac.com/sites/default/files/styles/square_thumbnail/public/image_nodes/thyme-shutterstock_2425490475.jpg?itok=RDVPy9Bv
Ice Plant,https://www.almanac.com/plant/ice-plants,https://www.almanac.com/sites/default/files/styles/square_thumbnail/public/image_nodes/ice-plants-delosperma.jpg?itok=TanFHLuH
Liriope,https://www.almanac.com/plant/how-grow-liriopes-complete-plant-guide,https://www.almanac.com/sites/default/files/styles/square_thumbnail/public/image_nodes/liriope-purple-shutterstock_2417055885.jpg?itok=5JqOv9Ml
Sweet Alyssum,https://www.almanac.com/plant/sweet-alyssum,https://www.almanac.com/sites/default/files/styles/square_thumbnail/public/image_nodes/sweet-alyssum-flowers-landscaping.jpg?itok=x0G8XTd6
Star Jasmine,https://www.almanac.com/plant/how-grow-star-jasmine-complete-plant-guide,https://www.almanac.com/sites/default/files/styles/square_thumbnail/public/image_nodes/star-jasmine-flower-closeup-shutterstock_2390223407.jpg?itok=yRWVqR92
Star Jasmine,https://www.almanac.com/plant/how-grow-star-jasmine-complete-plant-guide,https://www.almanac.com/sites/default/files/styles/square_thumbnail/public/image_nodes/star-jasmine-flower-closeup-shutterstock_2390223407.jpg?itok=yRWVqR92
Balloon Flowers,https://www.almanac.com/plant/how-grow-balloon-flowers-complete-guide,https://www.almanac.com/sites/default/files/styles/square_thumbnail/public/image_nodes/platycodon-grandiflorus-6478061_1920.jpg?itok=KxwfVgRI
Joe-Pye Weed,https://www.almanac.com/plant/joe-pye-weed-plant-complete-growing-guide,https://www.almanac.com/sites/default/files/styles/square_thumbnail/public/image_nodes/joe-pye-weed-shutterstock_2357211529.jpg?itok=ZLo8pbCu
Clematises,https://www.almanac.com/plant/clematis,https://www.almanac.com/sites/default/files/styles/square_thumbnail/public/image_nodes/clematis-shutterstock_1683826783.jpg?itok=QwMf2k1m
Hops,https://www.almanac.com/plant/hops,https://www.almanac.com/sites/default/files/styles/square_thumbnail/public/image_nodes/hops-closest.jpg?itok=miFh9-_k
Jasmine Flowers,https://www.almanac.com/plant/jasmine,https://www.almanac.com/sites/default/files/styles/square_thumbnail/public/image_nodes/jasmine-719973_1920.jpg?itok=stv-3Wy7
Mandevilla,https://www.almanac.com/plant/mandevillas,https://www.almanac.com/sites/default/files/styles/square_thumbnail/public/image_nodes/mandevilla-shutterstock_2168231995.jpg?itok=Z_3ljNdF
Moonflowers,https://www.almanac.com/plant/moonflowers,https://www.almanac.com/sites/default/files/styles/square_thumbnail/public/image_nodes/moonflower-shutterstock_1261464223.jpg?itok=gN3fi2Rv
Silver Nickel Vines,https://www.almanac.com/plant/silver-nickel-vines,https://www.almanac.com/sites/default/files/styles/square_thumbnail/public/image_nodes/silver-nickel-vine.jpg?itok=4yck9Us-
Sweet Potato Vines,https://www.almanac.com/plant/sweet-potato-vine,https://www.almanac.com/sites/default/files/styles/square_thumbnail/public/image_nodes/sweet-potato-vine-kathryn-roach.jpg?itok=0aIxwiuh
Wisteria,https://www.almanac.com/plant/wisteria,https://www.almanac.com/sites/default/files/styles/square_thumbnail/public/image_nodes/wisteria.jpg?itok=aXilCGl3
